{"2016 TOYOTA Corolla 4cyl 2WD": {"labUddsMpgge": 37.037176761992235, "labHwyMpgge": 49.55665650903555, "labCombMpgge": 41.7877471366368, "labUddsKwhPerMile": 0.0, "labHwyKwhPerMile": 0.0, "labCombKwhPerMile": 0.0, "adjUddsMpgge": 28.46377065728061, "adjHwyMpgge": 35.027571535479474, "adjCombMpgge": 31.085024609493086, "adjUddsKwhPerMile": 0, "adjHwyKwhPerMile": 0, "adjCombKwhPerMile": 0, "netAccel": 9.8, "UF": 0, "netRangeMiles": 406.78029236755043}, "2016 HYUNDAI Elantra 4cyl 2WD": {"labUddsMpgge": 34.17117140201879, "labHwyMpgge": 45.393389864960184, "labCombMpgge": 38.448559869256975, "labUddsKwhPerMile": 0.0, "labHwyKwhPerMile": 0.0, "labCombKwhPerMile": 0.0, "adjUddsMpgge": 26.451062521428288, "adjHwyMpgge": 32.215340611133875, "adjCombMpgge": 28.767362231395882, "adjUddsKwhPerMile": 0, "adjHwyKwhPerMile": 0, "adjCombKwhPerMile": 0, "netAccel": 9.3, "UF": 0, "netRangeMiles": 399.4992737179012}, "2016 TOYOTA Camry 4cyl 2WD": {"labUddsMpgge": 31.57451517976171, "labHwyMpgge": 44.503657065104925, "labCombMpgge": 36.32316567679605, "labUddsKwhPerMile": 0.0, "labHwyKwhPerMile": 0.0, "labCombKwhPerMile": 0.0, "adjUddsMpgge": 24.602214500935425, "adjHwyMpgge": 31.61136981745588, "adjCombMpgge": 27.329053333211466, "adjUddsKwhPerMile": 0, "adjHwyKwhPerMile": 0, "adjCombKwhPerMile": 0, "netAccel": 8.3, "UF": 0, "netRangeMiles": 460.6202460909232}, "2016 CHEVROLET Malibu 4cyl 2WD": {"labUddsMpgge": 34.88103685587904, "labHwyMpgge": 47.667610957543054, "labCombMpgge": 39.66954896634063, "labUddsKwhPerMile": 0.0, "labHwyKwhPerMile": 0.0, "labCombKwhPerMile": 0.0, "adjUddsMpgge": 26.952286120130037, "adjHwyMpgge": 33.75437412947787, "adjCombMpgge": 29.64013520854294, "adjUddsKwhPerMile": 0, "adjHwyKwhPerMile": 0, "adjCombKwhPerMile": 0, "netAccel": 8.9, "UF": 0, "netRangeMiles": 381.71568784889126}, "2016 FORD Escape 4cyl 2WD": {"labUddsMpgge": 32.475037668689495, "labHwyMpgge": 42.26534879147676, "labCombMpgge": 36.25407690887994, "labUddsKwhPerMile": 0.0, "labHwyKwhPerMile": 0.0, "labCombKwhPerMile": 0.0, "adjUddsMpgge": 25.246151812793133, "adjHwyMpgge": 30.087299926531138, "adjCombMpgge": 27.216827551674953, "adjUddsKwhPerMile": 0, "adjHwyKwhPerMile": 0, "adjCombKwhPerMile": 0, "netAccel": 9.4, "UF": 0, "netRangeMiles": 407.04098178172626}, "2016 FORD Explorer 4cyl 2WD": {"labUddsMpgge": 24.33147193572931, "labHwyMpgge": 31.765996722887078, "labCombMpgge": 27.19566967980607, "labUddsKwhPerMile": 0.0, "labHwyKwhPerMile": 0.0, "labCombKwhPerMile": 0.0, "adjUddsMpgge": 19.313814917809182, "adjHwyMpgge": 22.84813923538357, "adjCombMpgge": 20.758824879872577, "adjUddsKwhPerMile": 0, "adjHwyKwhPerMile": 0, "adjCombKwhPerMile": 0, "netAccel": 7.8, "UF": 0, "netRangeMiles": 382.52908754898726}, "2016 BMW 328d 4cyl 2WD": {"labUddsMpgge": 34.73393522361466, "labHwyMpgge": 47.48657686740983, "labCombMpgge": 39.50848195862025, "labUddsKwhPerMile": 0.0, "labHwyKwhPerMile": 0.0, "labCombKwhPerMile": 0.0, "adjUddsMpgge": 26.848567475227316, "adjHwyMpgge": 33.63211285042388, "adjCombMpgge": 29.528721413582147, "adjUddsKwhPerMile": 0, "adjHwyKwhPerMile": 0, "adjCombKwhPerMile": 0, "netAccel": 9.1, "UF": 0, "netRangeMiles": 438.98781686067224}, "2016 AUDI A3 4cyl 2WD": {"labUddsMpgge": 39.9844922373556, "labHwyMpgge": 49.95869120530525, "labCombMpgge": 43.93137558655935, "labUddsKwhPerMile": 0.0, "labHwyKwhPerMile": 0.0, "labCombKwhPerMile": 0.0, "adjUddsMpgge": 30.503664683048466, "adjHwyMpgge": 35.29793526336492, "adjCombMpgge": 32.489429628343785, "adjUddsKwhPerMile": 0, "adjHwyKwhPerMile": 0, "adjCombKwhPerMile": 0, "netAccel": 9.2, "UF": 0, "netRangeMiles": 425.1584114569617}, "2016 FORD C-MAX HEV": {"labUddsMpgge": 57.79666306960509, "labHwyMpgge": 54.68061545598978, "labCombMpgge": 56.35159138956174, "labUddsKwhPerMile": 0.0, "labHwyKwhPerMile": 0.0, "labCombKwhPerMile": 0.0, "adjUddsMpgge": 42.222500162298395, "adjHwyMpgge": 38.457628983512336, "adjCombMpgge": 40.44093655012958, "adjUddsKwhPerMile": 0, "adjHwyKwhPerMile": 0, "adjCombKwhPerMile": 0, "netAccel": 7.6, "UF": 0, "netRangeMiles": 541.2125336530694}, "2016 KIA Optima Hybrid": {"labUddsMpgge": 58.59429685438494, "labHwyMpgge": 58.70778970740545, "labCombMpgge": 58.645314288879504, "labUddsKwhPerMile": 0.0, "labHwyKwhPerMile": 0.0, "labCombKwhPerMile": 0.0, "adjUddsMpgge": 42.72406599440893, "adjHwyMpgge": 41.12969972566922, "adjCombMpgge": 41.99156679905564, "adjUddsKwhPerMile": 0, "adjHwyKwhPerMile": 0, "adjCombKwhPerMile": 0, "netAccel": 7.7, "UF": 0, "netRangeMiles": 715.2272801975648}, "2016 TOYOTA Highlander Hybrid": {"labUddsMpgge": 51.567444081419865, "labHwyMpgge": 44.83547416741983, "labCombMpgge": 48.303719610228875, "labUddsKwhPerMile": 0.0, "labHwyKwhPerMile": 0.0, "labCombKwhPerMile": 0.0, "adjUddsMpgge": 38.23894307826826, "adjHwyMpgge": 31.836737574404466, "adjCombMpgge": 35.06574865672505, "adjUddsKwhPerMile": 0, "adjHwyKwhPerMile": 0, "adjCombKwhPerMile": 0, "netAccel": 7.9, "UF": 0, "netRangeMiles": 597.2623064973345}, "2018 TOYOTA Prius One/Two": {"labUddsMpgge": 77.14687590741595, "labHwyMpgge": 73.95771593405316, "labCombMpgge": 75.67836535690836, "labUddsKwhPerMile": 0.0, "labHwyKwhPerMile": 0.0, "labCombKwhPerMile": 0.0, "adjUddsMpgge": 52.27787796650004, "adjHwyMpgge": 48.32261404730385, "adjCombMpgge": 50.42072924249417, "adjUddsKwhPerMile": 0, "adjHwyKwhPerMile": 0, "adjCombKwhPerMile": 0, "netAccel": 9.5, "UF": 0, "netRangeMiles": 564.0538553240444}, "2016 TOYOTA Camry Hybrid LE": {"labUddsMpgge": 71.17157030602142, "labHwyMpgge": 68.1877118555703, "labCombMpgge": 69.79714149531192, "labUddsKwhPerMile": 0.0, "labHwyKwhPerMile": -4.8386358851950457e-11, "labCombKwhPerMile": -2.1773861483377705e-11, "adjUddsMpgge": 49.04112865717744, "adjHwyMpgge": 45.0950986105696, "adjCombMpgge": 47.18319210178016, "adjUddsKwhPerMile": 0, "adjHwyKwhPerMile": 0, "adjCombKwhPerMile": 0, "netAccel": 7.7, "UF": 0, "netRangeMiles": 607.6411089665456}, "2017 Prius Prime": {"labUddsMpgge": 157.79999867503832, "labHwyMpgge": 143.27395146979978, "labCombMpgge": 150.91467745787128, "labUddsKwhPerMile": 0.16053803631356117, "labHwyKwhPerMile": 0.18682246433818486, "labCombKwhPerMile": 0.17236602892464184, "adjUddsMpgge": 86.41918383140694, "adjHwyMpgge": 82.99006211618367, "adjCombMpgge": 84.84165089541392, "adjUddsKwhPerMile": 0.2584127452123337, "adjHwyKwhPerMile": 0.3090865851882942, "adjCombKwhPerMile": 0.2812159732015159, "netAccel": 8.5, "UF": 0.4399184220655369, "netRangeMiles": 588.1779450725342}, "2016 CHEVROLET Volt": {"labUddsMpgge": 370.06315149515177, "labHwyMpgge": 282.757419266813, "labCombMpgge": 324.91764220001136, "labUddsKwhPerMile": 0.16342056925597911, "labHwyKwhPerMile": 0.19665344653545436, "labCombKwhPerMile": 0.17837536403174298, "adjUddsMpgge": 175.02167176050503, "adjHwyMpgge": 133.64008341327383, "adjCombMpgge": 153.61640998855316, "adjUddsKwhPerMile": 0.27096811709240337, "adjHwyKwhPerMile": 0.3259039965432797, "adjCombKwhPerMile": 0.29568926284529773, "netAccel": 8.0, "UF": 0.7318480225295798, "netRangeMiles": 453.1181908666813}, "2016 FORD C-MAX (PHEV)": {"labUddsMpgge": 125.65269086712657, "labHwyMpgge": 97.48942837924278, "labCombMpgge": 111.19723061279859, "labUddsKwhPerMile": 0.19163293449656463, "labHwyKwhPerMile": 0.19722558310096447, "labCombKwhPerMile": 0.19414962636854455, "adjUddsMpgge": 71.71214774138679, "adjHwyMpgge": 58.18470178233317, "adjCombMpgge": 64.920128898114, "adjUddsKwhPerMile": 0.3187435511701118, "adjHwyKwhPerMile": 0.3121324155641583, "adjCombKwhPerMile": 0.3157685401474328, "netAccel": 8.1, "UF": 0.41188140654058175, "netRangeMiles": 602.6433233291821}, "2016 BMW i3 REx PHEV": {"labUddsMpgge": 1009.9966865181399, "labHwyMpgge": 556.9148317959347, "labCombMpgge": 739.3282107711605, "labUddsKwhPerMile": 0.16176446967981636, "labHwyKwhPerMile": 0.20013628157973684, "labCombKwhPerMile": 0.1790317850347806, "adjUddsMpgge": 427.5783783357828, "adjHwyMpgge": 245.9744273495227, "adjCombMpgge": 320.94771028561354,